date,format,category,title
"2026-07-18","Artículo","comandos","Administrar módulos de PowerShell"
"2026-07-19","Short","comandos","Short: Administrar módulos de PowerShell"
"2026-07-20","Artículo","comandos","Comandos esenciales de Windows Terminal"
"2026-07-21","Short","comandos","Short: Comandos esenciales de Windows Terminal"
"2026-07-22","Recurso","comandos","Recurso: Administrar módulos de PowerShell"
"2026-07-23","Artículo","comandos","Cómo usar Get-Help en PowerShell"
"2026-07-24","Short","comandos","Short: Cómo usar Get-Help en PowerShell"
"2026-07-25","Artículo","comandos","PowerShell Jobs y tareas en segundo plano"
"2026-07-26","Short","comandos","Short: PowerShell Jobs y tareas en segundo plano"
"2026-07-27","Artículo","comandos","PowerShell Profiles: personaliza tu terminal"
"2026-07-28","Short","comandos","Short: PowerShell Profiles: personaliza tu terminal"
"2026-07-29","Recurso","comandos","Recurso: Comandos esenciales de Windows Terminal"
"2026-07-30","Artículo","comandos","PowerShell Remoting paso a paso"
"2026-07-31","Short","comandos","Short: PowerShell Remoting paso a paso"
"2026-08-01","Artículo","seguridad","Aislamiento del núcleo y protección de memoria"
"2026-08-02","Short","seguridad","Short: Aislamiento del núcleo y protección de memoria"
"2026-08-03","Artículo","seguridad","BitLocker: guía completa para principiantes"
"2026-08-04","Short","seguridad","Short: BitLocker: guía completa para principiantes"
"2026-08-05","Recurso","comandos","Recurso: Cómo usar Get-Help en PowerShell"
"2026-08-06","Artículo","redes","Cambiar DNS en Windows 11"
"2026-08-07","Short","redes","Short: Cambiar DNS en Windows 11"
"2026-08-08","Artículo","seguridad","Configurar SmartScreen correctamente"
"2026-08-09","Short","seguridad","Short: Configurar SmartScreen correctamente"
"2026-08-10","Artículo","redes","Configurar una IP estática"
"2026-08-11","Short","redes","Short: Configurar una IP estática"
"2026-08-12","Recurso","comandos","Recurso: PowerShell Jobs y tareas en segundo plano"
"2026-08-13","Artículo","seguridad","Control de aplicaciones y navegador"
"2026-08-14","Short","seguridad","Short: Control de aplicaciones y navegador"
"2026-08-15","Artículo","redes","Diagnosticar pérdida de paquetes"
"2026-08-16","Short","redes","Short: Diagnosticar pérdida de paquetes"
